index,wass_dist
0.0,0.7947363847616776
2.0,1.3224179102808362
3.0,2.745785584736556
4.0,0.5301805953117645
5.0,0.5672508155807081
6.0,0.7432033942327994
7.0,0.8488736288112542
8.0,3.0681994979898017
9.0,0.4959287954052304
10.0,1.3385261705561868
11.0,2.9763288287771954
12.0,0.2847919112957146
13.0,0.3006884933623909
14.0,0.3733522261760644
15.0,2.5273014850655784
16.0,1.4093596844869678
18.0,1.7299776874232295
19.0,0.7289929164443536
20.0,1.0852194200967027
21.0,1.2601164438136414
22.0,2.359840472648868
23.0,2.8555791176520025
24.0,1.9664090276408408
25.0,0.0735305325657796
26.0,0.0490042476974231
27.0,0.4111402997743586
28.0,1.988256038244792
29.0,1.6406527408195828
30.0,0.1664082170200605
31.0,6.538560497275519
33.0,0.5087311182824537
35.0,0.3021055152808078
36.0,1.0449669322930395
37.0,0.2352924767898231
38.0,0.3876042831339197
39.0,0.8922927564686401
40.0,0.4290208219338568
41.0,2.1952845757708577
42.0,0.4337269034620437
43.0,0.888343593399697
44.0,1.2032845293421996
45.0,0.7861006676392519
46.0,2.1741216566709927
47.0,0.1511347516403825
48.0,1.872618344406295
49.0,1.1531465641709713
50.0,2.006300804693275
51.0,1.67490777954957
53.0,0.34176845480798
54.0,0.7911268113412493
55.0,0.2727816261897763
56.0,0.6661681517770812
57.0,0.1892812875668126
58.0,1.5336464943175814
59.0,0.993927780210331
60.0,1.0638834902757277
61.0,0.0658832545780537
62.0,0.3765748438321885
63.0,0.8147476914134226
65.0,0.4760486367394785
67.0,0.1013433937701699
68.0,1.4622109084114954
69.0,0.2772189318526614
70.0,2.657088382107572
71.0,0.9236403035718732
72.0,0.5350873597165984
73.0,0.4973436736921117
74.0,0.4524726620153213
75.0,1.887491503627944
76.0,1.2715947463905857
77.0,0.975234428854808
78.0,0.2581204563633627
79.0,0.8712917108364004
81.0,1.9465490673819923
82.0,0.5355000681627824
83.0,1.2716632260308507
85.0,0.472342465284868
86.0,0.9044108679435764
87.0,0.8121593759048708
88.0,0.5756697238225285
89.0,1.857119511500988
90.0,1.081863544784856
91.0,0.8818629302331003
92.0,0.9264529390074489
93.0,0.9686085171641868
94.0,1.3895828892230369
95.0,0.2559057486988907
96.0,1.1931585257080135
97.0,0.1377234039731607
98.0,0.2961570664830526
99.0,1.4910049608274756
100.0,1.3936462970076322
101.0,0.9798090432809936
102.0,3.610601144899905
103.0,0.409449529719559
104.0,0.5662416022844873
105.0,0.5245711979573165
106.0,0.7894438511341774
107.0,1.2963111432176908
108.0,9.785725020103056
109.0,0.2287449182124794
110.0,0.5149568636233187
111.0,2.888771599525533
112.0,2.0016809480312485
113.0,1.061293199328749
114.0,0.2862436582626102
115.0,0.861724806593492
116.0,0.1959665808398634
117.0,1.182960821823655
118.0,10.746876367924454
119.0,1.1263510419126048
120.0,0.3616804407765666
121.0,0.661856128076897
122.0,0.6690780612486902
123.0,0.0570556111047988
124.0,0.639561537971957
126.0,0.5346784938098847
127.0,1.1471115289740248
129.0,0.7487346153692997
130.0,0.5471948376500109
131.0,0.3932079614859715
132.0,0.2217887847476947
133.0,0.3627415223272799
134.0,0.0208648062482056
136.0,0.8224957741583518
137.0,0.9861337083062048
138.0,0.492948964176033
139.0,0.290062244166657
140.0,0.3956896790760567
141.0,1.0017145456308785
142.0,0.6335521707459637
143.0,2.641257767780868
144.0,0.968800660368383
145.0,1.3229122843616086
146.0,0.6432276299208659
147.0,1.253845155925536
148.0,1.2333548820818525
149.0,0.3755393035127043
150.0,0.3340656086840128
151.0,0.7592729316232042
152.0,0.8513501398650203
153.0,0.5261146142193769
154.0,0.9275086007700148
155.0,2.299738350597777
156.0,0.1581129222167137
157.0,0.1837750855016209
158.0,0.6361238407351533
159.0,0.2984680056101836
160.0,0.10332628748297
161.0,1.3111587882317708
162.0,0.2325430820899812
163.0,1.584270321656871
164.0,2.480404929102455
165.0,0.4832048926728524
166.0,0.8230124403328811
167.0,0.3674422610194093
168.0,2.1017089950348016
169.0,0.0777726621298644
170.0,0.3344754809145078
171.0,0.587796621503121
172.0,0.6890084840234111
173.0,0.1242490373627342
174.0,0.1586978498477871
175.0,0.5495839317149374
176.0,0.5418541756069694
177.0,1.5408629263226807
178.0,0.8185603900195164
179.0,0.6224104900195727
180.0,1.0608679650804984
181.0,2.212620833754025
182.0,0.5147050505405768
183.0,0.2536492600781356
184.0,0.1994771176074609
185.0,2.082023168811205
186.0,0.098243595652025
187.0,1.4554341657653451
188.0,1.0924487613722929
189.0,4.083661910680631
190.0,0.0537333428727839
191.0,0.4182280908106108
192.0,0.5501095263416069
193.0,0.3614249954434779
194.0,0.948113259520341
195.0,0.5159511884246484
196.0,1.1369830828125438
197.0,0.9724099367031676
198.0,2.170452593270187
199.0,1.0242002416442593
200.0,0.6329173030364027
201.0,0.8395941685761273
202.0,0.0517577574077529
203.0,0.4267276377555269
204.0,1.4789208776288685
205.0,0.6006919639924578
206.0,0.318979775033784
207.0,4.332657505148752
208.0,1.651344398429882
209.0,4.258946838775175
210.0,1.9249924479009013
211.0,1.1136389693050344
212.0,2.010419878278304
213.0,1.7289002055644886
214.0,1.075395701162621
215.0,0.307859928037052
216.0,2.3167994444639306
217.0,0.2046479670714072
218.0,0.9027433243544832
219.0,1.6956407073393982
220.0,1.114907068123515
221.0,0.9515686713161344
222.0,0.4665746199865582
223.0,2.6376128837726496
224.0,0.0800370694204534
225.0,1.2375778577013687
226.0,2.6422415934774226
227.0,0.6401313591063557
228.0,0.4542853127907513
229.0,0.9557104811052994
230.0,0.5534300376758785
231.0,0.2573832084493189
232.0,0.5487511674729014
233.0,1.5003369040498875
234.0,0.8878864281599936
235.0,0.6630018012568151
236.0,1.317166536628083
237.0,0.9328317063513216
238.0,12.96605810700092
239.0,0.6494051007333971
240.0,0.9273777662801282
241.0,0.9139848642995064
242.0,0.7346077851894183
243.0,0.866810917588412
244.0,5.093052985558067
245.0,0.0541195796999661
246.0,0.9286551355636202
247.0,1.118226872808446
248.0,0.1256810226736317
249.0,0.3646234991901863
250.0,0.8622476773634185
251.0,0.9660012446765954
252.0,0.489499432980919
253.0,1.292519032652871
254.0,1.4336470209990564
256.0,0.6595044292001592
257.0,0.1299533114162915
258.0,0.5976187782947634
259.0,0.2434262218405416
260.0,0.3414876763161539
261.0,0.2818814787552124
263.0,0.873092151744018
264.0,1.1039159785604455
265.0,0.5479095580700496
266.0,0.9054534754237864
267.0,0.2579823242708737
268.0,0.4959629131674722
269.0,0.5780495459787225
270.0,1.3221029213739262
271.0,0.3070647909412664
272.0,0.3855253118171466
273.0,0.3923501292954416
274.0,0.5065310373540367
276.0,0.7648232623785409
277.0,1.356414390967024
278.0,0.2053543420127803
279.0,0.3869765153248861
280.0,1.279140265572959
281.0,2.7661970724909644
282.0,1.292925137568208
283.0,3.2526917830971245
284.0,2.0997895087215888
285.0,3.165996158149732
286.0,0.5919491706597465
287.0,0.4422594497940157
288.0,6.950242935689519
289.0,0.3149725516001734
290.0,8.859329124039983
291.0,0.2053879808352701
292.0,2.4217934323326067
293.0,2.118483821436407
294.0,0.9956075129627536
295.0,0.3612198521982496
296.0,1.5951161769854696
297.0,0.1998839785543817
298.0,5.836671056791214
299.0,0.817285855995256
300.0,0.4273579403144904
301.0,0.568794551066989
302.0,0.647140771279337
303.0,0.8528462469020819
304.0,2.3762050975995948
305.0,8.470232879609856
306.0,0.25234387239502
307.0,0.6735454505456342
308.0,2.9269059441068035
309.0,13.664297104441832
310.0,1.2907157222967245
311.0,6.587093458415249
312.0,0.7089928331679933
313.0,0.3382407219841963
314.0,0.7941670804985418
315.0,7.311466752971815
316.0,3.5769259249579783
317.0,0.3570208574939446
318.0,0.345173136566424
319.0,0.5298017711969925
320.0,1.7742875773809106
321.0,1.7162070423186582
323.0,1.7226814170349627
324.0,2.0193293277586912
325.0,3.987570687934846
326.0,0.4479723116923692
327.0,0.1910289404152687
328.0,0.4006266164118383
329.0,0.4431407464765983
330.0,0.3466669337635906
331.0,0.2725472322144582
332.0,8.04944989701721
333.0,1.4801746849719088
334.0,0.4264394265866523
335.0,3.890919890760191
336.0,0.6580981156456938
337.0,0.833242851552435
338.0,4.410168997520898
339.0,1.484995436994024
341.0,5.71555755511987
342.0,0.7034147449993365
343.0,0.5376275748511421
344.0,1.1170026012939065
346.0,3.501696103915066
347.0,0.2674139276826787
348.0,3.57484506402843
349.0,2.6474635986951505
350.0,0.0906068605270451
351.0,3.749627108149087
352.0,0.3584997049975723
353.0,0.2644400743442062
354.0,0.3521055254066683
356.0,2.769735314577152
357.0,1.6856820632448666
358.0,0.7881626464721101
359.0,1.87733566441402
360.0,0.1861977150915569
361.0,1.3555316070301695
362.0,0.8410841613710761
363.0,1.5349083210985304
364.0,1.6627335651671369
365.0,0.1746813962779458
366.0,3.9418244075298112
367.0,1.41735569967048
368.0,2.203015423341238
369.0,0.3790678496532851
370.0,1.0278431684518696
371.0,0.7076032431625688
372.0,1.7542675094931597
373.0,0.3638636081283647
375.0,3.6640158527275535
376.0,2.525741584609082
377.0,1.9106889070632835
378.0,1.2580099892487702
379.0,6.18827998663509
380.0,0.4326209730673506
383.0,0.3314280112477772
384.0,0.8958590974086484
385.0,1.1280742162134278
386.0,0.5265341550549651
387.0,0.158713382920624
388.0,0.744390795131868
389.0,5.138403255837491
390.0,2.508756534484632
391.0,0.5374534489866749
392.0,14.408929372790675
393.0,0.8412857771432767
394.0,1.089304504576115
395.0,2.14027809685651
396.0,1.020804462765267
397.0,1.5930664531062342
398.0,1.417427606984214
399.0,0.6510410958637298
400.0,0.6299366661218309
401.0,2.0785934575596228
402.0,0.9132688612310084
403.0,3.081007665809747
405.0,3.409190623835532
406.0,0.4557589753851606
408.0,0.3273941054347533
409.0,0.8512371630623699
410.0,0.2930065573669036
411.0,1.7412373244712098
412.0,0.5409200424638287
413.0,1.654991362455108
414.0,0.824776776222587
415.0,0.35678322841707
416.0,1.074592076897091
417.0,1.4056624109865468
419.0,0.5489232834350349
420.0,0.5526939687218224
421.0,1.5601753010140378
422.0,0.8740633111460491
423.0,0.597838776201327
424.0,2.1358067534471417
425.0,1.5187270446027912
426.0,0.5072812617141388
427.0,4.514529536579454
428.0,2.445321621404049
429.0,0.3990730244785793
430.0,2.227047009918433
431.0,1.851176368415163
433.0,0.6141920863620238
434.0,4.863859028003097
435.0,1.7204594161902829
436.0,0.787890442806972
437.0,1.1376070029718837
438.0,1.9613829212429508
439.0,1.0908123399403684
440.0,0.5580615970666183
441.0,0.5893286893988493
442.0,0.9694937431204956
443.0,1.073989644356664
444.0,3.030490180291474
445.0,1.355427669872617
446.0,1.4526984495419717
447.0,1.0428698542131931
448.0,3.269917671915483
449.0,0.5533310805796114
450.0,0.7511133819121334
451.0,2.7797121511611973
453.0,0.465320321653703
454.0,7.162879236861627
455.0,1.4849776476505268
456.0,0.4287196873809534
457.0,0.5158078768229026
458.0,0.5163504840085583
459.0,1.825397748514689
460.0,1.7608149894038445
461.0,1.670676448495067
462.0,0.7479077992545254
463.0,10.4723203951443
464.0,0.3941847237764706
465.0,0.29435424084506
466.0,0.2795218589971771
467.0,0.8580516604797301
468.0,0.3471003753840456
469.0,1.0541802229329154
470.0,0.7658728295689772
471.0,0.4856842616677876
473.0,0.2211568380396504
474.0,1.9476608989893187
475.0,1.627829073958678
477.0,2.015773090389352
478.0,4.023480014246338
480.0,3.4315353067924645
481.0,0.1890716224850338
482.0,0.7932934216420019
483.0,1.043284228532603
484.0,0.3790925965305016
485.0,1.6861384226845122
486.0,0.4231162123896946
487.0,1.3831431618981394
488.0,5.804709094392225
489.0,1.8118290071045613
490.0,1.4561551490889235
491.0,0.3021006557734538
492.0,4.039848175958532
493.0,0.2884693137659417
494.0,0.1206117707531545
495.0,1.5018071858122426
496.0,1.3499724040414662
497.0,0.9538058534158024
498.0,0.3422960341481575
499.0,0.5239608421598287
500.0,0.6218223732004149
501.0,0.2578933471808575
502.0,1.6637031383300802
503.0,0.5991050009184463
504.0,3.923940855825432
505.0,6.522563367665988
506.0,1.3114527946900658
507.0,0.5593884970616775
508.0,0.4421234093036004
509.0,1.1766812411473682
510.0,2.0835686234631563
511.0,0.1823336379363319
512.0,0.7309752621947424
513.0,0.5170010617398014
514.0,0.4231780524241181
515.0,0.2568074312374558
516.0,2.4591573546468086
517.0,0.4579240309130491
520.0,0.5764141858074892
521.0,0.6095272549808745
522.0,0.6430487162142738
523.0,2.1220767818765847
524.0,1.2020828602500386
525.0,3.5276794272681538
526.0,1.6817382157951175
527.0,0.240398904414664
528.0,0.0945331615804159
529.0,0.5213331962667223
530.0,0.6051382009888214
531.0,0.749353240918017
532.0,0.8246042510304361
533.0,2.694067856541812
534.0,0.873470497288247
535.0,0.4577604070097832
536.0,0.3464347560831049
537.0,0.4104060425893497
538.0,0.3626831701712031
539.0,5.222109093823768
540.0,1.033375445104715
541.0,0.9040767530862636
542.0,0.8218861112372569
543.0,3.0287260355789414
545.0,0.3399545345396776
546.0,0.5228683510713951
547.0,0.845788423750836
548.0,0.7804748143993381
550.0,1.560899367615341
551.0,2.263346556276004
552.0,0.9786688469297554
554.0,0.641480488868553
555.0,1.6849424628400065
556.0,1.944601707873008
557.0,1.0282872056032284
558.0,1.620284818922626
559.0,0.2269597667317694
560.0,0.1572578390349038
561.0,0.4170910991094846
562.0,0.2717458820676212
563.0,0.6733121889130335
564.0,1.882185259769062
565.0,10.698596422581218
566.0,1.131199729198813
567.0,5.288323855274363
569.0,0.8484846885193781
570.0,4.831399763710625
571.0,0.4895375110132228
573.0,0.5614482850126907
574.0,0.8866563285434506
575.0,1.970428425174468
577.0,3.229665555360364
578.0,0.6438266809636004
579.0,1.4615629464942068
580.0,0.6839464467374898
582.0,1.4276346369144146
583.0,4.775976222958923
584.0,0.5446132057137274
585.0,1.6192809687632228
586.0,0.92970783453505
588.0,0.4959533386208705
589.0,1.551357907752168
590.0,0.7546887163713185
591.0,4.05408714553143
592.0,0.7888747726449292
593.0,0.2228498255930939
595.0,0.4667680112461238
597.0,0.97767757795241
598.0,1.0615230513444955
599.0,0.5321634587274362
601.0,0.4790346776670046
602.0,0.0751944416950368
604.0,1.3463931763379051
605.0,0.7427960280704134
606.0,0.5871824291730521
607.0,5.041211433561884
608.0,0.5668161687725183
609.0,0.3586123740573056
610.0,0.8647857580761065
611.0,9.883178084349204
612.0,9.768708383145327
613.0,0.4027209177890016
614.0,0.7557745257407482
615.0,0.9733191764200676
616.0,0.3295808151087643
617.0,0.5387318798034084
618.0,0.8493802778899268
619.0,1.715668907106001
620.0,0.2998595807725912
621.0,0.2368395653137353
622.0,1.2775905990438536
623.0,2.593626094686954
624.0,0.8860186529525322
625.0,1.1771555105308011
626.0,0.5178154619108468
627.0,1.0548151195876616
629.0,0.9409897312464977
630.0,2.5352790097202424
631.0,9.412239023136683
632.0,1.049954323447787
633.0,1.0250925058921143
634.0,1.1828004191276582
635.0,1.65031279477948
636.0,0.2358107994245392
637.0,0.1676010698558899
638.0,2.319929324070088
639.0,6.934062299887787
640.0,0.8574982528329228
641.0,0.7594558446824216
642.0,0.4088646208046728
643.0,0.8711002816856206
644.0,0.4452395068942794
645.0,2.5534484146264544
646.0,0.9022763316330008
647.0,0.3874724998891206
648.0,1.6569231688564343
649.0,1.3354153767545802
650.0,0.8608120969669086
651.0,1.0246931507653545
652.0,0.5861915285377748
653.0,0.9409596994656216
654.0,0.2929350949274811
655.0,0.3164383411704864
656.0,1.364993993569381
657.0,1.003258393563859
658.0,0.9748437458161984
659.0,2.25509039303786
660.0,1.1395433684651808
661.0,1.225370562731989
662.0,0.4364288377149297
663.0,1.4294752860911206
665.0,0.4616815244839247
666.0,0.7535923516390023
667.0,1.2617063668049626
668.0,0.4088447002139012
669.0,0.9971486935019096
671.0,0.4677731350354663
672.0,1.7018554895556277
673.0,0.4920560858999016
674.0,0.3265521857563066
675.0,2.1378045175298395
676.0,0.429475231193382
677.0,0.825909510835034
678.0,0.1023342933135829
679.0,3.5980417592418794
680.0,0.5243699437772463
681.0,0.7127720776317723
682.0,0.4263736145747601
683.0,2.61046531232598
684.0,0.1677852901917771
686.0,5.127499104588228
687.0,0.3150355613358803
688.0,10.410041690486969
689.0,0.5920437041509352
691.0,0.8972007217125313
692.0,0.4386373611931168
693.0,0.4772863924136579
694.0,1.8197009537842617
695.0,2.3147950698618858
696.0,1.1309106771076332
697.0,4.806173168090922
698.0,1.885528347642989
699.0,0.1943210638511678
700.0,0.6146242301382641
701.0,7.58536942001255
703.0,1.4348086943182252
704.0,0.94889666575243
705.0,0.8587526525820712
706.0,0.8425540503599367
707.0,0.1896805750441809
708.0,6.022192536378503
710.0,1.017194265253962
711.0,1.4687536050406735
712.0,2.442966332453836
713.0,1.693775349762754
714.0,0.5645422051435961
715.0,0.4408876645560275
716.0,0.3824707049276715
717.0,1.0353960493550207
719.0,8.897326572330487
720.0,0.7435564689487613
721.0,0.7864035344883695
722.0,0.9092314952932096
723.0,0.6119141815513112
725.0,1.549787107066302
726.0,1.3340795578711235
727.0,6.820305013365985
728.0,1.0232885785519574
729.0,2.4413176802568515
730.0,1.0617765287143153
731.0,0.6932303591232425
732.0,2.7735915513044427
733.0,1.4610950317226048
734.0,0.587312926343929
735.0,0.2015626378356384
736.0,0.4000641908235481
737.0,0.1620360637466883
738.0,1.6633255276015506
739.0,0.0724578089634542
740.0,0.3855431135908045
741.0,0.4927755277377356
743.0,0.5187932777624855
744.0,0.2185110289932689
745.0,0.1877911602503094
746.0,11.41417216891234
747.0,1.2333097649264295
748.0,1.0866127150537237
749.0,8.432719654078571
750.0,0.7646716070331392
751.0,0.1804461386534103
752.0,6.461029539291612
753.0,0.7753420919545972
754.0,0.6708294445075059
755.0,1.0140306107246095
756.0,0.8419274979471268
757.0,12.45637828623326
758.0,0.9625224970145352
759.0,1.4808204080695542
760.0,2.57440052986005
761.0,1.4053752345950972
762.0,4.708048925172546
763.0,8.72575138285865
764.0,0.1403251339209541
765.0,0.6907700134058163
767.0,0.5250107208279435
768.0,2.620890345368514
769.0,2.368482570222949
770.0,2.083515925264619
771.0,5.978315214816947
772.0,0.4701480214224133
773.0,1.5890390540217998
774.0,1.6588963202642415
775.0,6.770904533295307
777.0,1.9336211190142745
778.0,3.1868429370279667
779.0,12.284693619638569
780.0,4.846180221732166
781.0,1.562074567058023
782.0,0.8837255719832271
783.0,2.0281038921812704
784.0,0.2420092007851921
785.0,5.078259822953767
786.0,3.363411453143182
787.0,1.4282693488586269
788.0,1.764529173012399
789.0,4.58619406166869
790.0,1.7231692068229392
791.0,2.588965127011647
792.0,0.7062363528230475
793.0,1.8306195757443973
794.0,0.2999509215522545
795.0,2.1847799227309905
797.0,1.1472438286058475
798.0,1.604657329682603
799.0,3.773622448785651
801.0,1.0979841974641524
803.0,0.7429238330581851
804.0,1.2271537698372517
805.0,2.405412975519788
806.0,1.1010942315301633
807.0,1.4648502955269818
808.0,8.71660137332605
809.0,1.3916174571410496
810.0,2.9841872995371723
811.0,2.445421322358152
812.0,10.990402217083613
813.0,6.934162944671108
814.0,1.543946483017394
815.0,1.0226717625576058
816.0,0.6039401746712153
817.0,1.1249431567074375
819.0,10.906840076995437
820.0,1.5502721700533195
821.0,7.632990632916411
822.0,4.098104768560309
824.0,0.6740777212964744
825.0,3.262815389488554
826.0,7.430647181592907
827.0,0.4093676749710917
828.0,2.474859001742874
829.0,1.786183860869037
830.0,7.512774267029862
831.0,0.4699183428741005
832.0,3.665011462209027
833.0,0.4972017336249408
835.0,8.75628449249092
836.0,1.378765214685449
837.0,6.013890307556007
838.0,12.311562455856254
839.0,0.3599436541998053
840.0,0.7193209588179577
841.0,1.7779712777271504
842.0,1.4853400717387193
843.0,0.740132591346754
844.0,1.0423816721037074
845.0,1.505640667276063
846.0,1.0251639750504826
847.0,0.2045413194322062
848.0,2.089872798184968
849.0,4.658825345766645
850.0,1.344935975195332
851.0,1.2029544762514155
852.0,18.5051622878651
853.0,0.4749868797411862
854.0,0.9864625666178606
856.0,2.019699521606797
857.0,14.035661552292009
859.0,2.773161898605653
860.0,0.4059700860267689
861.0,1.1325436153176378
862.0,7.586789369280241
863.0,3.123515590006108
864.0,1.1342660812211462
865.0,9.395877782665297
867.0,11.89890845694061
868.0,1.0356046865913786
869.0,0.5382968139130668
870.0,1.9011056079767263
871.0,11.096751686763731
872.0,0.4334725246011525
873.0,2.126423477054152
874.0,1.6092897938652355
876.0,2.454803957472426
877.0,2.7732854769176214
878.0,2.79863649925026
879.0,0.9428636148049216
880.0,1.1743927853791165
881.0,20.10486775699357
882.0,8.714350496390434
883.0,5.321156495286591
884.0,3.4744308763180105
885.0,1.0700545037158298
886.0,1.1612898613757143
887.0,0.8518967231879808
888.0,9.56952578319912
890.0,3.067180979217289
891.0,0.5550631853849267
892.0,24.681720234456108
893.0,0.7946654988325452
894.0,0.6745358857716879
895.0,0.4406207514781066
896.0,1.249714802063873
897.0,10.17220398737236
898.0,1.9885570094956464
899.0,1.9677807141356949
900.0,1.89226716235623
901.0,3.0699363356024123
902.0,1.1662526461120002
903.0,2.3366136319227664
904.0,0.958934001928142
905.0,1.1955898091521364
906.0,1.1461827394635802
907.0,1.4327957905869355
909.0,0.980644428323848
910.0,0.576997950619369
911.0,1.7805342908352433
912.0,1.8810696426601088
913.0,2.2515584434867493
914.0,2.201921233583226
915.0,1.606974143387294
916.0,1.3523588495879066
917.0,5.012035391590403
918.0,2.813535182541793
919.0,1.5029673692039305
920.0,10.958216859317098
921.0,6.798189110049163
922.0,2.156776258438788
923.0,1.5607587053687215
924.0,10.426145051104015
925.0,1.1405985875287077
926.0,5.968822000454308
927.0,0.6493872651379766
930.0,9.95434827153378
931.0,3.083715817764137
932.0,1.074032900984988
933.0,15.638303043645095
934.0,4.806592687434806
935.0,9.200601182531107
936.0,3.203927550997276
937.0,2.4323400889460904
939.0,16.09094183608977
940.0,0.4614206785884719
941.0,0.4624363668324998
942.0,7.496902086999368
943.0,2.3630196170973408
944.0,11.608314783471949
945.0,5.976377175464751
946.0,1.3567718025279851
947.0,7.678006531517987
948.0,13.9974958582742
949.0,2.2355375266820614
950.0,0.5504392571735154
951.0,0.8079610236520565
952.0,3.9989210252602447
953.0,0.595167364925892
954.0,0.9439947880650756
955.0,0.9019396111985994
956.0,14.01111114198422
957.0,0.5663317839502217
958.0,2.185423589450729
959.0,1.8928567510463163
960.0,8.730292928204815
961.0,0.2256586492208332
963.0,0.5928724830605905
964.0,4.075931155310592
966.0,0.5043960073080428
968.0,11.577354778516325
969.0,1.1020183873230658
970.0,2.573221058069154
972.0,4.7428942598312895
973.0,2.896014088155988
974.0,4.935164592103938
975.0,0.4901349936260132
976.0,3.1516659944284475
977.0,7.679033081857714
978.0,5.727466052442875
979.0,1.7754203944997744
980.0,1.5812205699396844
981.0,5.985963802768836
982.0,10.161703442723274
983.0,1.2498717703799014
984.0,0.7961224800996198
985.0,0.6502383991834082
986.0,1.8570300498998973
987.0,3.5881896465125003
988.0,6.380339622991981
990.0,5.02181751685851
991.0,7.908569222030005
992.0,0.5453051962363789
993.0,3.4164842527587256
994.0,1.8068579734978345
995.0,1.349652904711122
996.0,0.3349950392524746
997.0,2.5169017851361275
998.0,0.2909145886971476
999.0,1.8513613846697223
1000.0,1.1983991262744285
1001.0,3.1093626085363484
1003.0,1.4572456573123451
1004.0,9.361176538626635
1005.0,1.5281487334250472
1007.0,3.4829451211697844
1008.0,2.862369733477974
1009.0,3.4999389731276853
1010.0,1.4733410768614208
1011.0,1.7556328427778114
1012.0,1.2261239123877965
1014.0,9.093980168728235
1015.0,7.307489059276811
1016.0,2.5736500738787846
1017.0,3.490267814351813
1018.0,5.927385971615077
1019.0,8.564995339645877
1021.0,1.2938097496391403
1022.0,7.905420963602353
1023.0,4.177305140539849
1024.0,7.231026283718108
1025.0,1.404709101600351
1026.0,2.758059598812157
1027.0,11.322475525487558
1028.0,1.388746187487477
1029.0,1.3186744853385193
1030.0,1.3343493196690752
1031.0,1.8218477631530217
1032.0,1.9047851248777523
1034.0,3.3127707523228
1035.0,5.003263705818241
1036.0,2.4416975439288566
1037.0,2.2183733432184667
1038.0,1.3609925866896764
1039.0,0.3562322089733902
1040.0,8.024808500207426
1041.0,1.043015791467958
1042.0,7.540637039447088
1043.0,1.5245881876048566
1044.0,13.224450297090916
1045.0,0.6792666407486797
1046.0,0.4057355964458781
1047.0,1.4913294545508218
1048.0,0.8385919516884783
1049.0,9.570810244807044
1050.0,0.3972128633245222
1051.0,5.528140726937877
1052.0,0.4447835311839097
1053.0,2.6139381487471507
1054.0,3.3302674095661025
1055.0,10.246465362069031
1056.0,0.9419966192477678
1057.0,0.5238660988221002
1058.0,0.5884458723464161
1059.0,1.2010109691961584
1060.0,1.3597571516181173
1061.0,1.1799312797540218
1062.0,1.916774128767999
1063.0,14.297668649860803
1064.0,8.8231752108472
1065.0,2.6092188399914
1066.0,12.06769210784134
1067.0,0.5827688921126432
1068.0,2.82507851978577
1069.0,4.046834792092033
1070.0,7.254213393962663
1071.0,2.501428912388149
1072.0,14.060683472683694
1073.0,0.6095709572178346
1074.0,2.381450208115023
1075.0,5.036250264906661
1076.0,1.4038027172921297
1077.0,5.981100616573528
1078.0,4.798095227985405
1080.0,0.541356595351717
1082.0,2.089436956829972
1083.0,0.4184154509587896
1084.0,6.080779812502593
1085.0,1.361325977380603
1086.0,1.5449257994101748
1087.0,6.580936712489862
1088.0,15.715308337544364
1089.0,2.7174224379245966
1090.0,3.725328669522201
1091.0,2.799101213773325
1092.0,3.2637676898915187
1093.0,0.8017437782629822
1094.0,2.4626529666304475
1095.0,9.008758300802915
1096.0,3.45989236391969
1097.0,0.4902459015362067
1098.0,2.013242351607499
1099.0,1.4646794358971402
1100.0,1.3175602545374183
1101.0,0.5471257989814091
1102.0,0.3659434130010774
1103.0,5.285021303382674
1105.0,2.380826465581306
1106.0,5.551741051267789
1107.0,2.7128019067157507
1108.0,9.103491983678754
1109.0,1.0251438732873868
1110.0,13.709862071186803
1111.0,0.211199813728419
1112.0,0.706897280581715
1113.0,1.6626675872860628
1114.0,10.242757999188
1115.0,7.455360370168294
1116.0,0.5641154334851906
1117.0,1.3183841852177958
1118.0,12.111311298783017
1119.0,5.153867266589464
1120.0,1.1874357537426343
1121.0,10.300992946486772
1122.0,0.6664221985273986
1123.0,3.536947040257928
1124.0,0.3734964786761017
1125.0,0.2662503979324134
1126.0,4.40406861984774
1127.0,2.291594141905191
1128.0,1.3857998242632623
1129.0,1.920541896397608
1130.0,4.162935868904374
1131.0,0.4366356020549118
1132.0,12.355840840948073
1133.0,11.34484120238067
1134.0,5.549075868358264
1135.0,2.01335713076873
1136.0,6.0999359940438325
1137.0,13.549635070023438
1138.0,2.6012454376643235
1139.0,2.9798907629041382
1140.0,10.814659692388927
1143.0,2.917315711043647
1145.0,3.0567284713948006
1146.0,4.007430574883221
1147.0,2.4679428329761715
1148.0,6.926799397813975
1149.0,0.6297294330607613
1150.0,1.4389657872871324
1151.0,0.6274534754231509
1152.0,3.664348048924953
1153.0,1.1092851522728036
1154.0,4.84257896602095
1155.0,1.5938058437206235
1156.0,1.840642810048828
1157.0,5.377560903345776
1158.0,0.8136012855847068
1159.0,8.186980177130039
1160.0,0.5270625471057612
1161.0,0.5709691736021827
1162.0,0.9862327593814086
1163.0,0.9374463360271634
1164.0,1.466049950469603
1165.0,13.063081942773533
1166.0,2.7340253672884147
1167.0,6.909096581432711
1168.0,1.48633769805133
1169.0,6.029129600447021
1170.0,1.1877560729219752
1171.0,0.3129461488991583
1172.0,1.3139470455417184
1173.0,3.121378344593344
1174.0,3.541603750689156
1175.0,5.468056172572563
1177.0,2.47586707221883
1178.0,0.2656264279954917
1179.0,6.595251868780177
1180.0,0.3944477217353527
1182.0,1.4054432900269769
1183.0,0.2477725139105099
1184.0,1.018976472130653
1185.0,1.877542356217292
1186.0,0.7615042226169132
1187.0,0.4456317639029157
1188.0,0.2568429326888273
1189.0,2.296656940527774
1190.0,3.456967785567046
1191.0,1.1923279270251173
1192.0,0.6447377462752448
1193.0,16.104267359202318
1194.0,0.5499083610112966
1195.0,1.2748539886566808
1196.0,1.5214846348962952
1197.0,2.202670824289331
1198.0,2.20090233316186
1199.0,0.9432178905271212
1200.0,1.8382850069047303
1201.0,12.403992500285378
1202.0,1.5076710698653548
1203.0,0.8413757009527781
1204.0,5.885678090940264
1205.0,1.236200156198055
1206.0,0.1170105637629335
1207.0,9.579881361950592
1208.0,2.3082106417843944
1209.0,1.009650309258788
1210.0,1.586140814763294
1211.0,1.0881892782768596
1212.0,4.412363076498682
1213.0,2.558674546704053
1214.0,4.917803628854932
1215.0,22.587311955838896
1216.0,1.1020954884018312
1217.0,1.788835454142026
1218.0,10.333443638257863
1219.0,10.925576270700478
1220.0,2.2835338081761005
1221.0,8.907754688323202
1222.0,0.6954032109030337
1223.0,7.061669735968163
1224.0,2.4375628861505634
1225.0,2.929950092408052
1226.0,9.434917807299572
1228.0,2.275063926863941
1229.0,3.140434542513004
1230.0,5.068676145862395
1231.0,4.716821025240528
1232.0,2.888702828872798
1233.0,5.942866292964283
1234.0,3.553792327571222
1235.0,0.5817426307797686
1236.0,2.93248466703228
1237.0,1.7239208580850878
1238.0,1.3827365756978227
1239.0,7.883524856893842
1240.0,3.851453151759416
1241.0,1.195654928207258
1242.0,0.2192047763919916
1243.0,0.9594029054630366
1244.0,2.066691650270326
1245.0,3.244961692518416
1247.0,0.7460307228166656
1248.0,0.2800338431675351
1250.0,3.275430593710284
1251.0,5.656795298730868
1252.0,0.935382970546389
1253.0,0.3743321564683927
1254.0,1.0188208238499308
1255.0,0.7563981735624805
1256.0,6.340592118239234
1257.0,5.9946159657492695
1258.0,5.253580632330614
1260.0,1.2587076972151467
1261.0,13.304039946974669
1262.0,5.6744167951241575
1264.0,0.4147847599471147
1265.0,0.8683247418982573
1266.0,10.625692551118677
1267.0,3.179133230606734
1268.0,1.249691121161907
1269.0,1.3569042244454306
1270.0,3.9154956269879952
1271.0,3.461563685029745
1272.0,0.5216534777752098
1273.0,2.01681498685788
1274.0,13.761288399468306
1275.0,5.071716210585155
1276.0,1.1561542748981477
1279.0,3.3739812987070152
1280.0,8.977892902043314
1281.0,0.997311561520048
1282.0,0.3255399495201952
1283.0,7.093386582730004
1284.0,1.1066741032836185
1285.0,0.9544635304656998
1286.0,5.845012023648504
1287.0,4.551524979876447
1288.0,7.045684580635712
1289.0,1.5079347621630743
1290.0,7.959839937796934
1291.0,15.283217608195208
1292.0,0.7223872939251026
1293.0,7.127491131301183
1294.0,10.550596773630064
1295.0,2.495909835024178
1296.0,2.32202676583156
1297.0,0.7816927693972548
1298.0,4.115826855645545
1299.0,0.8158940746292199
1300.0,4.53037756090648
1301.0,3.2184651280214256
1302.0,0.565489178213636
1303.0,1.6828580802166369
1304.0,0.6737573946452465
1305.0,4.175507153909483
1306.0,6.894950110312779
1307.0,0.5632830180925421
1308.0,4.931685014529075
1310.0,0.6405335451093049
1311.0,0.8057942900873185
1314.0,9.75457280344499
1315.0,1.295952029143404
1316.0,0.6671459797418449
1318.0,9.323517529873804
1319.0,0.7143519419226388
1320.0,0.5407618643293107
1321.0,0.6784158580180288
1322.0,3.3744946947977263
1323.0,1.7709429622834998
1324.0,9.848098254159568
1325.0,7.168746086063391
1326.0,4.741774983365879
1327.0,2.497191872256795
1328.0,2.794689968502223
1329.0,0.866185820816293
1330.0,4.115602000531762
1331.0,4.32508645535262
1332.0,2.807086845078689
1333.0,0.8595043242283179
1334.0,5.76683700930608
1335.0,6.417341698329707
1336.0,3.9238959900077743
1337.0,7.292856118614013
1338.0,0.8312117724154607
1339.0,5.927344195992379
1340.0,1.6833805704571705
1341.0,2.991091155909485
1342.0,0.3588937726988171
1343.0,0.5053190403263894
1344.0,8.616626041208846
1345.0,3.9546354923372
1346.0,0.7539810419380043
1347.0,2.3226881990694794
1348.0,9.070152609508478
1349.0,1.5860133758885904
1350.0,14.762395135291412
1351.0,0.7578952632099902
1352.0,1.4408979735786749
1353.0,0.4582986406043058
1354.0,0.3355609883912948
1355.0,0.570375145562039
1356.0,1.2514344510952964
1357.0,0.2633003754644836
1358.0,3.648438596147425
1359.0,1.7561171819726706
1360.0,9.072997239901476
1361.0,1.80373966697894
1362.0,1.493928213932998
1363.0,1.7899106696256228
1364.0,5.384590963293449
1365.0,1.6904276710831572
1366.0,0.875004615668365
1367.0,2.162354543532022
1368.0,1.3272396461067568
1369.0,0.736355882790217
1370.0,0.7626577103647569
1371.0,0.4463498721978088
1372.0,0.1286184930474086
1373.0,0.6058707181147336
1374.0,4.923689926327158
1375.0,0.8256074566055676
1376.0,1.526481100206437
1377.0,0.1361868452458662
1378.0,2.006573631690898
1379.0,1.6924123738371273
1380.0,2.9877940211575567
1381.0,1.2772496157254345
1382.0,3.106301939937146
1383.0,2.380123324156056
1384.0,4.983564039623422
1385.0,0.7367288535453403
1386.0,2.486059014684596
1387.0,2.7306203501114004
1388.0,1.0344096349728524
1389.0,3.5260025957041723
1390.0,2.328106672415534
1391.0,0.9303401569289812
1392.0,1.1328593844024186
1393.0,0.2789826957677025
1394.0,1.040689674806077
1395.0,2.8407354183865454
1396.0,0.5400066404821261
1397.0,0.371002014330447
1398.0,2.6183504387082723
1399.0,0.5768143267093
1400.0,1.866509584762
1401.0,0.4053639256190137
1402.0,0.9515391896816412
1403.0,1.506884419078682
1404.0,0.148052809305166
1405.0,1.316789716951937
1406.0,5.921102323412448
1407.0,1.923953502754335
1408.0,0.5067746387571224
1409.0,0.3794926889761187
1410.0,6.946545161979016
1411.0,1.214504568734318
1412.0,0.3221470636024258
1413.0,0.3215071270711029
1414.0,0.8462508353976164
1415.0,0.7350412155750756
1416.0,0.6312143019891607
1417.0,0.2506167490764117
1418.0,1.0884360185027386
1420.0,3.266403325332149
1421.0,0.6005245810561555
1422.0,1.2909691240337755
1423.0,2.615104427091916
1424.0,0.6533171950008148
1425.0,11.348961969359234
1426.0,0.3652983114539813
1427.0,1.92968472067326
1428.0,0.9614914257908732
1429.0,0.4501683714194804
1430.0,0.7756679205796828
1431.0,0.3189951796154939
1432.0,1.8272733243508503
1433.0,3.2032510803455514
1434.0,0.7936751362814906
1435.0,2.207686401690259
1436.0,7.999136979140033
1437.0,1.8949373627811528
1438.0,3.767804342389028
1439.0,1.3527608413378582
1440.0,2.5728934902363663
1441.0,0.7641437718438864
1442.0,0.9212356567147528
1443.0,1.30432322345314
1444.0,3.120880624589991
1445.0,0.8853497512058492
1446.0,0.2136933809913233
1447.0,3.373022803414837
1448.0,0.4894184579814533
1449.0,4.9193481304795466
1450.0,0.5692581276240323
1451.0,0.489567553159464
1452.0,0.7982502706091752
1453.0,0.2248373019698133
1454.0,1.7511376968081531
1455.0,2.327928319955998
1456.0,0.6672719261200861
1457.0,0.6552344305262265
1458.0,2.3320389868148315
1459.0,2.0018339392123594
1460.0,0.5355169061536299
1461.0,1.0555542118469805
1462.0,0.9374674482985796
1463.0,1.0679720133690576
1464.0,1.1066863484542973
1465.0,1.5734848452144186
1466.0,3.158888884342692
1467.0,2.3145994389575275
1468.0,2.2492018293322653
1469.0,6.23830268719234
1470.0,3.5236155063762995
1471.0,1.8512863425412056
1472.0,0.582849676041373
1473.0,1.9029330364538404
1474.0,3.155460264780189
1475.0,2.486747925986087
1477.0,0.9099030053076704
1478.0,0.7297125578142931
1479.0,1.814931416496356
1480.0,0.058861752966191
1481.0,3.856440257056928
1482.0,0.7136965647685327
1483.0,2.6060646475049163
1484.0,1.0384167700213196
1485.0,1.9708472718036607
1486.0,3.0135784456181822
1487.0,2.91847754512235
1488.0,0.7368299705681285
1489.0,2.3254648440220618
1490.0,0.3300996127062699
1491.0,1.777249318437163
1492.0,0.4067216458602569
1493.0,0.7535807500764244
1494.0,3.192227238802271
1495.0,2.0410449978987337
1496.0,0.3296791673346207
1497.0,2.5532939145782314
1498.0,0.1238697527073772
1499.0,0.5765038671227345
1500.0,0.396047324170708
1501.0,3.9616208859357513
1502.0,1.824758744022428
1503.0,3.0908013426363663
1504.0,0.3598729858224728
1505.0,1.920741561133866
1506.0,2.87583968487358
1507.0,0.3670324589270215
1508.0,0.2674935459865017
1509.0,2.832366764186776
1510.0,1.556825652734898
1511.0,11.921948062869966
1512.0,0.5131499043725343
1513.0,0.861951345102179
1514.0,0.7099390099423957
1515.0,0.5243562122439813
1516.0,1.2000847214094763
1517.0,1.5095135126704544
1518.0,1.5019776705976564
1519.0,1.3234615277230453
1520.0,0.5566533494418658
1521.0,1.0739836358530317
1523.0,1.7805512911859247
1524.0,3.55006359001488
1525.0,0.8981901445496975
1526.0,1.7529656950690666
1527.0,8.91155641339537
1528.0,1.288306957807809
1529.0,1.68494555716774
1530.0,7.441766394806723
1532.0,0.4273076748430967
1533.0,0.6010063871366329
1534.0,0.987523212805834
1535.0,1.140378105813705
1536.0,2.8022126956096995
1537.0,0.8332522805972199
1538.0,1.7101950197517743
1540.0,3.0616586717401937
1541.0,0.9286006355867158
1542.0,1.2681834909555378
1543.0,3.708651122951816
1544.0,1.244655553528409
1545.0,2.6195515990620057
1546.0,2.386449358719767
1547.0,0.2909431319910622
1549.0,0.9285578698112286
1550.0,2.7937288069151003
1551.0,0.987952080740674
1552.0,0.4182349021913274
1553.0,3.5727575214891973
1554.0,2.6456454970619188
1555.0,0.2817196921651523
1556.0,2.525543815120067
1557.0,2.3051922232824094
1558.0,1.0099802920051602
1559.0,0.270353713342455
1560.0,1.9874426948961603
1561.0,1.997254748837328
1562.0,0.9073595443957128
1563.0,1.6525497940768772
1564.0,0.3729463407682671
1565.0,0.9101381000386108
1566.0,2.759473221454741
1567.0,2.4709665670861254
1568.0,1.4888982928685015
1569.0,0.6330192191999914
1570.0,2.77752982361624
1571.0,7.750425882957048
1572.0,2.028860172935658
1573.0,0.6089063262297105
1574.0,0.4273396022802899
1575.0,2.218247743163069
1576.0,0.320391986639471
1577.0,8.132547324953972
1578.0,4.747029816135808
1579.0,1.6050059854689491
1580.0,1.1832642961263051
1581.0,0.3951243455297804
1584.0,6.686043647217352
1585.0,0.5445361413132173
1586.0,0.6621569421300075
1587.0,7.024161637534336
1588.0,1.5790093987920624
1589.0,0.8075707705602466
1590.0,0.68541078301588
1591.0,4.551877348717137
1592.0,1.582519158852382
1593.0,5.417842059934529
1594.0,0.8912120713673919
1595.0,6.9996795938587
1596.0,13.862648187476994
1597.0,2.0117951403161705
1598.0,2.349467338744647
1599.0,6.701807706265273
1600.0,7.122064586107856
1601.0,1.1106640164086836
1602.0,1.0818654594418855
1603.0,0.6551072257018851
1604.0,1.0711239705183724
1605.0,0.8062106969631178
1606.0,0.5315135557441955
1607.0,0.73986713991649
1608.0,2.5989213152664377
1609.0,0.4509278201081027
1610.0,5.321928056119307
1611.0,1.7497439290610235
1612.0,3.5716358936457
1613.0,2.075488092997559
1614.0,5.062080985831319
1615.0,4.138406296299494
1616.0,1.3155404915638087
1617.0,0.7353201331771151
1618.0,0.9819356613716652
1619.0,6.092709056844122
1620.0,3.6690130804588312
1621.0,0.1020937077176454
1622.0,4.744229510460928
1623.0,2.7800942486411087
1624.0,3.3670452391226475
1625.0,1.013211909653163
1626.0,0.7272281992732561
1627.0,0.5750475273917786
1628.0,0.3528284380197248
1629.0,0.6323673333961278
1630.0,0.3077840651352824
1631.0,1.985878647331744
1632.0,2.2685912673823845
1633.0,3.418387302838574
1634.0,0.2591884923625996
1635.0,2.189316672499513
1636.0,0.8919853184441142
1637.0,0.5267046702197486
1638.0,1.4152384022203457
1639.0,5.246059204088315
1640.0,10.519698393099002
1641.0,5.615178348322595
1642.0,2.393776328929164
1643.0,1.9570617931247805
1644.0,1.9040214338720567
1645.0,6.798260704588008
1646.0,0.57176785460363
1647.0,2.088827278860144
1648.0,0.6752661122944071
1649.0,4.727503493326944
1650.0,0.5783860138619462
1651.0,1.5882665100433977
1652.0,8.996250790484416
1653.0,0.4554208690145734
1654.0,6.393368736811069
1655.0,0.4973528805515672
1656.0,1.5106493783001342
1657.0,2.903655288659621
1658.0,4.104765736125925
1659.0,2.482601088761755
1660.0,1.1064608624442984
1661.0,4.782100094982368
1662.0,2.701108866062301
1663.0,3.5100969206791777
1664.0,3.217391232443374
1665.0,0.9964474873383848
1666.0,1.0149452600600737
1667.0,0.7949315032724971
1668.0,3.406924094548071
1669.0,2.5879542669598097
1670.0,1.5900580012162415
1671.0,4.507382451773362
1672.0,0.6673675394489491
1673.0,0.3052140376107947
1674.0,3.136745594850619
1675.0,1.4142095698184851
1676.0,4.391658320700073
1677.0,7.257504927563831
1678.0,1.791706906124955
1679.0,1.449871763129471
1680.0,2.2373382021602746
1681.0,1.0084634896318931
1682.0,1.6496639718201933
1683.0,1.0726368390903966
1684.0,3.972479443967929
1685.0,1.5763799049359328
1686.0,5.569362807639838
1687.0,1.2034378797640914
1688.0,1.43459607031992
1689.0,0.4139716618039187
1690.0,7.0594280566110434
1691.0,0.5475986431397987
1692.0,6.196422845535924
1693.0,2.041496147654012
1694.0,0.2987078104094541
1695.0,2.050261585589211
1696.0,2.3293591506581666
1698.0,1.467108904260896
1699.0,1.5441552210179543
1700.0,1.6240863245788415
1701.0,0.6020733289774698
1702.0,4.014282848212237
1703.0,1.4312715399308764
1704.0,7.291159264398157
1705.0,1.542339448265342
1706.0,1.3068244145546255
1707.0,0.852215931375591
1708.0,1.5238038994287006
1709.0,1.0535159926104505
1710.0,2.763305419298081
1712.0,0.4070240441410117
1713.0,2.4521892963182084
1714.0,0.9486575169995156
1715.0,2.482532948405526
1716.0,5.5431737290813015
1717.0,0.5969096611595914
1718.0,1.4889375979502613
1719.0,0.6391459174993216
1720.0,1.603227102062931
1721.0,1.7016066409280768
1722.0,4.618165329332826
1724.0,1.0493580544362264
1725.0,3.734612814936323
1726.0,2.0964435158531303
1727.0,1.4036265607223042
1728.0,0.9265944129161356
1729.0,4.854418992567698
1730.0,0.821441986086602
1731.0,1.972953607633726
1732.0,0.4545305244207999
1733.0,1.4502429794036824
1734.0,4.723247027156111
1735.0,7.44972150097313
1736.0,3.45251628604942
1737.0,1.8029179912143327
1738.0,6.239207773093451
1739.0,3.728761931009145
1740.0,0.499411782044499
1741.0,1.3005628994903482
1742.0,0.6377212160260403
1743.0,6.79033507440025
1745.0,0.5267048001988893
1746.0,4.073818404052762
1747.0,2.670330786179763
1748.0,2.57271722648299
1749.0,10.331548946185626
1750.0,0.8973900696817434
1751.0,0.7301156461256645
1752.0,1.0988634729438789
1753.0,4.972471771627616
1754.0,2.4020884332933523
1756.0,0.8849531140468164
1757.0,13.839609966307702
1758.0,3.966021168993597
1759.0,2.0401459102418245
1760.0,0.4244368568689508
1761.0,3.482544847563488
1762.0,2.4445022544584014
1763.0,4.171919337541777
1764.0,0.3296366180331745
1765.0,4.912345265905485
1766.0,1.2570806348783845
1767.0,1.142084107507214
1768.0,5.771527808818439
1769.0,2.486841912902192
1770.0,0.7472383873858421
1771.0,8.530504020524498
1772.0,2.187169163196768
1773.0,0.5077607529713851
1774.0,9.958618720342855
1775.0,3.655022814623425
1776.0,2.221269148681044
1777.0,0.9855423627047452
1778.0,2.2682303656639333
1779.0,2.368403140685575
1780.0,1.5518106729505214
1783.0,8.089533636461535
1784.0,0.8196747980308128
1785.0,6.812083846381892
1786.0,3.235571179846936
1787.0,8.834608790154457
1788.0,2.7952434255503897
1789.0,5.236944681061857
1790.0,9.63388296911238
1791.0,3.866463321516535
1792.0,1.0195029595073355
1793.0,3.23439389253278
1794.0,0.8853594837247031
1795.0,4.244683623805558
1796.0,6.434323217124833
1797.0,5.451330564555757
1798.0,5.003985737634211
1799.0,0.3798211706486106
1800.0,2.502895731542866
1801.0,1.5446592328697195
1802.0,2.9757661573776977
1803.0,3.170394805240697
1804.0,2.534087111338825
1805.0,2.5440913601288844
1806.0,4.338420461487005
1807.0,1.72574779389031
1808.0,7.599650136340056
1809.0,4.227990461366419
1810.0,2.522943874273716
1811.0,0.7874579934733277
1812.0,3.021768973089891
1813.0,1.9195536655681185
1814.0,4.918485462126723
1815.0,2.12547697816238
1816.0,2.697026892605283
1817.0,1.375857529486697
1818.0,3.1967737832213965
1819.0,0.7373190648406647
1820.0,1.1207807849917273
1821.0,5.85537581087463
1822.0,1.3121705486435888
1823.0,2.0101763302301885
1824.0,5.369596223595988
1825.0,4.571560305871483
1826.0,5.214346031798544
1827.0,7.066007502555802
1829.0,3.264718706471176
1830.0,1.8595608490006268
1832.0,2.321285005766255
1833.0,11.089480433839652
1834.0,5.421348889904355
1835.0,1.6690073177395064
1836.0,3.9934569609900734
1837.0,1.5875882518785618
1838.0,3.4916565961205013
1839.0,4.444408226786275
1840.0,1.858122419403996
1841.0,2.098369583844136
1842.0,0.947541435142006
1843.0,3.755999216633625
1845.0,5.489321554335369
1846.0,4.332541062145216
1847.0,5.099551444434145
1848.0,6.683993205455958
1849.0,4.545389328714688
1850.0,1.3210410540661113
1851.0,0.9741685352063382
1852.0,7.692451158942799
1853.0,2.739974006477828
1854.0,6.368194565226312
1855.0,6.330343446043833
1856.0,5.637608070227799
1857.0,12.134372383258734
1858.0,7.940196343800283
1859.0,1.389974883726707
1860.0,1.422799319811766
1861.0,0.5351606436461194
1862.0,9.626804244312623
1863.0,1.88736105454782
1864.0,3.104073988808372
1865.0,17.256141916077
1866.0,1.7768700981674108
1867.0,8.232357084968342
1868.0,6.245989423930395
1869.0,1.64357816801148
1870.0,5.43235317148746
1871.0,1.8367821933432544
1872.0,0.9289407819653092
1874.0,1.102663300908912
1875.0,1.253238009981108
1876.0,0.7137158139910531
1877.0,1.8378445544013613
1878.0,4.947595248264246
1880.0,2.392320545046573
1881.0,3.768519158307592
1882.0,0.5597731703592517
1883.0,1.7936095424877527
1884.0,2.431173320965973
1885.0,1.389954374934295
1886.0,4.690631307434272
1887.0,0.7588519916374759
1888.0,0.5826181458083096
1889.0,0.4759392898292414
1890.0,2.1561343861373152
1891.0,2.421837311505868
1892.0,0.707426782688244
1893.0,2.217377387943251
1894.0,6.202716828307697
1895.0,1.6731355576024878
1896.0,1.554135087532769
1897.0,1.380944622692463
1898.0,0.6492721980927862
1899.0,1.0502336074828538
1900.0,0.9734607368589108
1901.0,0.2252673016412082
1902.0,5.603616248871004
1903.0,2.703733302309869
1904.0,0.646673008139111
1905.0,2.155756353455537
1906.0,1.1671309530608078
1907.0,4.0355777256005325
1908.0,5.45438961903406
1909.0,1.184395142563072
1910.0,1.27410607054186
1911.0,3.6226605070485367
1912.0,2.4998665684684447
1913.0,2.2634935882365306
1914.0,2.062111746013761
1915.0,0.8270104955356825
1916.0,3.17259935973299
1917.0,1.7931028471463186
1918.0,6.728861831589167
1919.0,0.9557111709853788
1920.0,11.810905127945333
1921.0,3.188431220152914
1922.0,7.501929076945162
1923.0,0.604268301846151
1924.0,0.3540480901710533
1925.0,1.0666188589407457
1926.0,4.285614109040553
1927.0,6.481271687874392
1928.0,6.8553482214312425
1929.0,1.4409824620953504
1930.0,3.5144890311613035
1932.0,1.9713727262423264
1933.0,0.9184850038840822
1934.0,0.5397877083956301
1936.0,2.736290545477624
1937.0,0.8920528590388419
1940.0,18.04261743816379
1941.0,7.739222051364058
1942.0,1.1340697869172134
1943.0,4.035002937623975
1944.0,1.3159563954168576
1945.0,11.08169554201798
1946.0,4.031123889827143
1947.0,1.00275878535203
1948.0,3.670618779338244
1949.0,2.470717114834002
1950.0,1.326730530551095
1951.0,1.3134721128665787
1952.0,0.8737825904372315
1953.0,1.2120938744970458
1954.0,3.036059006216257
1955.0,10.872562667934991
1956.0,9.058050140693856
1957.0,2.225072171977158
1958.0,4.359779100713656
1959.0,6.893468912315865
1960.0,0.4656838108858453
1961.0,4.632561005143471
1962.0,1.2583535834332402
1963.0,2.3441148462862293
1964.0,0.783689187938433
1965.0,1.1525542299988771
1967.0,5.964495337959876
1968.0,11.42485682092637
1969.0,1.864883254251409
1970.0,3.689679615654587
1973.0,1.39591245737512
1974.0,3.800993390915748
1975.0,8.91747122196617
1976.0,1.476365663596513
1977.0,0.9418292777256276
1978.0,1.3433612735337328
1979.0,2.298537084763894
1980.0,5.111347767492045
1981.0,2.251977859063736
1982.0,8.373168858337774
1983.0,13.904508023085596
1984.0,3.348842056341083
1985.0,1.4882142042795738
1986.0,4.670568589894886
1987.0,3.1934573408932487
1988.0,1.86002151399796
1989.0,1.2593532736614192
1990.0,1.0903267754679826
1991.0,1.807508085981432
1992.0,1.308049717965186
1993.0,1.3945836497804611
1994.0,0.6959144577212609
1995.0,3.744675163740588
1996.0,1.261555011615254
1997.0,14.025048639502984
1998.0,3.834277766373834
1999.0,0.6552532947001941
2000.0,3.580107951271251
2001.0,3.600970018370118
2002.0,3.177111101787716
2003.0,2.193639941884671
2005.0,1.3474444918134054
2006.0,5.7476893171945465
2007.0,2.539233677095411
2008.0,0.4681107025957003
2009.0,1.414428649716578
2010.0,2.555579344961325
2011.0,0.9395080717981616
2012.0,0.444431569478299
2013.0,13.012834022922505
2014.0,3.279592831316471
2015.0,7.15391270121138
2016.0,0.2147072481045557
2017.0,5.898184629032334
2018.0,4.667221643644043
2019.0,1.7816576348727409
2020.0,14.245091872539987
2021.0,2.0585461204536823
2022.0,3.2321015197505103
2023.0,3.337442415945495
2024.0,12.559763781685096
2025.0,8.541565953208549
2026.0,1.5031479591694548
2027.0,1.4333724758329365
2028.0,6.88030587072749
2029.0,2.0649164434244174
2030.0,6.76571454738095
2031.0,5.609702745783565
2032.0,7.511446558195723
2033.0,0.5602788206856917
2034.0,11.563782472779724
2035.0,0.3287184352337579
2037.0,10.81448451090878
2038.0,0.6750899968634123
2039.0,3.776644104415886
2040.0,3.933921080033864
2041.0,1.0258866664406765
2042.0,2.755819632469927
2043.0,1.1509180748097485
2044.0,0.6133274843436047
2045.0,3.158387891150497
2046.0,0.8066462272682318
2047.0,1.070275759222954
2048.0,0.3911746736354456
2049.0,4.415921202813514
2050.0,2.5513479751619714
2051.0,3.561921302213758
2052.0,2.2480362572848915
2053.0,11.198372752947993
2054.0,1.4450163016939637
2055.0,1.2703596369706365
2056.0,0.4870488244827679
2057.0,5.634062297513639
2058.0,0.7143014999917972
2059.0,2.437346161755184
2060.0,17.243935611273653
2061.0,8.190136655645091
2062.0,2.6041138171453584
2063.0,1.1176350577183167
2064.0,0.8132494148293411
2065.0,1.5465817158482478
2066.0,2.7425196986327527
2067.0,8.254131367637534
2068.0,5.169640826581103
2069.0,9.180039602850265
2070.0,3.1385924076707634
2071.0,2.0390268575840365
2072.0,6.617938450327433
2073.0,5.051391140639843
2074.0,3.9829845386066296
2075.0,11.423878560829811
2077.0,2.5535983352613263
2078.0,6.57585140531007
2079.0,7.681072131700592
2080.0,0.6428107667794962
2081.0,1.917761344311437
2082.0,0.2934871645754864
2083.0,5.378722563827532
2084.0,1.8996255631988264
2085.0,4.850702295146064
2086.0,8.906564869071572
2087.0,1.3378571307748872
2088.0,5.122650684677103
2089.0,1.6324668757794127
2090.0,0.4708279679170318
2091.0,2.2465827733705823
2092.0,0.4667723960880033
2093.0,1.280232546160237
2094.0,1.081000350849322
2095.0,1.5900818730269328
2097.0,3.186855885198013
2098.0,2.8337133383901443
2099.0,8.063945675429402
2100.0,1.657253601950448
2101.0,0.7067068190608752
2102.0,2.301234710517356
2103.0,5.302233857814647
2104.0,0.9902519692026324
2105.0,1.149282928103922
2107.0,0.5593433473214906
2108.0,1.1072306216861425
2109.0,3.414978230183135
2110.0,3.826614674481072
2111.0,1.0073390020826698
2112.0,3.5139312661931963
2113.0,10.139031435248302
2114.0,15.034020375504264
2115.0,0.5933820380974896
2116.0,0.7458397254335638
2117.0,1.682238854299276
2118.0,4.884085862104751
2119.0,2.5417102856301974
2120.0,0.8622086237916594
2121.0,0.6734335161670492
2122.0,3.51945060041459
2123.0,8.50802029247636
2124.0,0.8575869194635841
2125.0,2.2503428997829467
2126.0,4.674486757754047
2127.0,7.762400827686987
2128.0,1.929818480575471
2129.0,1.7718879561390617
2130.0,1.5986855311329895
2131.0,0.5246217854319525
2132.0,0.7167434117690308
2133.0,3.489031786897052
2134.0,0.452866956814105
2135.0,1.7484733152484768
2136.0,3.077942361648077
2138.0,4.368919063648842
2139.0,0.8935707257654721
2140.0,2.026694560527592
2141.0,3.2002806893761275
2142.0,0.8077283620596148
2143.0,2.125373623990975
2144.0,4.269632663692671
2145.0,10.104446213985526
2147.0,2.276416187240915
2148.0,0.831653283108541
2149.0,2.8826323251731605
1.0,0.8493762586766931
17.0,0.1895008963293657
32.0,0.3624121892063106
34.0,1.338465936941867
52.0,3.9442601938372
64.0,1.0246633490958472
66.0,1.6857723435882317
80.0,0.8268994504765126
84.0,0.2201869622598512
125.0,0.6690868436630257
128.0,0.8454529944715374
255.0,0.3022497062374928
262.0,0.4461842439285486
275.0,1.368744844960991
322.0,0.4411100178585492
340.0,0.6673094867929785
345.0,2.141376036572004
355.0,1.2108892712078587
381.0,2.346337886385052
382.0,0.943670296360416
404.0,0.2198921956365208
407.0,0.3091805669487754
418.0,1.1257049835974855
432.0,5.205662990722057
452.0,0.2915997423979624
472.0,3.3111040785413355
476.0,1.1500440864146717
479.0,0.1672711270940671
518.0,1.1192486369601196
519.0,2.883850151802588
544.0,1.1867640260103522
549.0,1.7474889713782602
553.0,0.7691490241558983
568.0,1.902507167188584
576.0,0.2143023975432944
581.0,3.287206846253356
587.0,0.4120766727332101
594.0,2.664263153043972
600.0,1.5840957801853432
603.0,0.7159951588144382
628.0,0.3373507541291364
664.0,1.638959000447508
670.0,0.221672410723244
685.0,0.823390994218116
690.0,0.9336229709560054
702.0,0.5326013732765336
709.0,0.4727768787203111
718.0,0.3622057612859884
724.0,0.3058064722873772
766.0,1.5995961932145937
776.0,4.084227495178953
818.0,6.282702779126657
823.0,1.8024054838406007
834.0,1.5066681448610502
858.0,0.510883738190832
866.0,0.1103581886452023
908.0,3.807771833146105
928.0,2.0322789127423864
929.0,0.4971100271817036
938.0,1.5336818294302468
965.0,3.674122707415516
967.0,2.712687218554036
1002.0,12.848565381130754
1013.0,2.344419934777643
1020.0,3.530807525435937
1079.0,4.314306749405979
1104.0,0.6817966825136097
1142.0,0.8422053491762879
1144.0,0.2349347880308761
1181.0,2.888720489757941
1246.0,2.5448993187817446
1249.0,5.792852533980314
1259.0,2.928299400643052
1263.0,0.6825115471617212
1278.0,1.6277370964332345
1309.0,0.8375177443888988
1313.0,1.918211536767534
1317.0,1.1701179395875905
1476.0,1.1880964794898716
1522.0,0.2700757642356275
1531.0,1.3515367080676322
1582.0,0.8155416507969966
1583.0,1.0437908052323122
1697.0,1.5638707527789208
1711.0,0.4387049202714956
1755.0,0.6518122623952187
1782.0,0.9615836559311058
1828.0,9.482840262173845
1873.0,3.704777894976943
1879.0,3.636892594124731
1931.0,1.1202022248310168
1935.0,3.22606131964746
1938.0,0.4217346217966093
1966.0,5.540973197017589
1971.0,3.705316863935788
2004.0,4.667998749592936
2076.0,0.9925751453695424
2096.0,0.3055394395744757
2106.0,1.7631802048837133
2137.0,1.6986587186701856
2146.0,2.0083342014477217
135.0,0.5928706637810229
374.0,7.989957067392536
572.0,0.3370447294850112
596.0,0.8737225923175758
742.0,1.2922136417428842
796.0,4.7178342904969295
800.0,1.3879431394838804
802.0,2.817309120199364
855.0,4.601922662528359
875.0,7.177070024182672
889.0,4.036361633773136
962.0,7.062839619467056
971.0,2.058238082235874
989.0,2.2120046485818188
1006.0,8.780659909462912
1081.0,0.2523365684045847
1141.0,0.8959692130058516
1176.0,4.323041812525691
1227.0,2.018240159128148
1277.0,1.7314228043437505
1312.0,1.620455989371377
1419.0,1.4731946878458495
1539.0,8.005368646258773
1548.0,1.6461397987008053
1723.0,7.793749250396647
1744.0,2.117239041684696
1781.0,0.4795983774042618
1831.0,0.3599195468558062
1844.0,0.3149480064381659
1939.0,4.49523470205593
1972.0,6.978043912207238
2036.0,2.659843036946251
1033.0,
